{
  "accuracy_fine": 0.8205778003041054,
  "accuracy_collapsed": 0.9812468322351748,
  "f1_macro": 0.9170598772656782,
  "f1_weighted": 0.9811433309993495,
  "precision_macro": 0.9229279581752129,
  "recall_macro": 0.9123316375143589,
  "per_class": {
    "O": {
      "precision": 0.9944,
      "recall": 0.9963,
      "f1-score": 0.9954
    },
    "PER": {
      "precision": 0.976,
      "recall": 0.9457,
      "f1-score": 0.9606
    },
    "ORG": {
      "precision": 0.9192,
      "recall": 0.9192,
      "f1-score": 0.9192
    },
    "LOC": {
      "precision": 0.875,
      "recall": 0.9277,
      "f1-score": 0.9006
    },
    "MISC": {
      "precision": 0.85,
      "recall": 0.7727,
      "f1-score": 0.8095
    }
  }
}