{
  "accuracy": 0.895,
  "f1_macro": 0.8945266592053617,
  "f1_weighted": 0.8945266592053619,
  "f1_micro": 0.895,
  "precision_macro": 0.9091744970005837,
  "recall_macro": 0.8949999999999999,
  "per_class": {
    "airplane": {
      "precision": 0.9444,
      "recall": 0.85,
      "f1-score": 0.8947
    },
    "automobile": {
      "precision": 1.0,
      "recall": 0.95,
      "f1-score": 0.9744
    },
    "bird": {
      "precision": 0.8696,
      "recall": 1.0,
      "f1-score": 0.9302
    },
    "cat": {
      "precision": 0.6786,
      "recall": 0.95,
      "f1-score": 0.7917
    },
    "deer": {
      "precision": 0.9,
      "recall": 0.9,
      "f1-score": 0.9
    },
    "dog": {
      "precision": 0.9231,
      "recall": 0.6,
      "f1-score": 0.7273
    },
    "frog": {
      "precision": 1.0,
      "recall": 0.85,
      "f1-score": 0.9189
    },
    "horse": {
      "precision": 1.0,
      "recall": 0.95,
      "f1-score": 0.9744
    },
    "ship": {
      "precision": 0.8261,
      "recall": 0.95,
      "f1-score": 0.8837
    },
    "truck": {
      "precision": 0.95,
      "recall": 0.95,
      "f1-score": 0.95
    }
  }
}