{
  "accuracy": 0.59,
  "f1_macro": 0.6113313585733617,
  "f1_weighted": 0.6113313585733617,
  "f1_micro": 0.59,
  "precision_macro": 0.747442458039473,
  "recall_macro": 0.5900000000000001,
  "per_class": {
    "airplane": {
      "precision": 0.2836,
      "recall": 0.95,
      "f1-score": 0.4368
    },
    "automobile": {
      "precision": 1.0,
      "recall": 0.5,
      "f1-score": 0.6667
    },
    "bird": {
      "precision": 0.5385,
      "recall": 0.7,
      "f1-score": 0.6087
    },
    "cat": {
      "precision": 0.5714,
      "recall": 0.6,
      "f1-score": 0.5854
    },
    "deer": {
      "precision": 0.8667,
      "recall": 0.65,
      "f1-score": 0.7429
    },
    "dog": {
      "precision": 0.7857,
      "recall": 0.55,
      "f1-score": 0.6471
    },
    "frog": {
      "precision": 0.7857,
      "recall": 0.55,
      "f1-score": 0.6471
    },
    "horse": {
      "precision": 1.0,
      "recall": 0.65,
      "f1-score": 0.7879
    },
    "ship": {
      "precision": 0.6429,
      "recall": 0.45,
      "f1-score": 0.5294
    },
    "truck": {
      "precision": 1.0,
      "recall": 0.3,
      "f1-score": 0.4615
    }
  }
}