{
  "accuracy": 0.895,
  "f1_macro": 0.8952008130377834,
  "f1_weighted": 0.8952008130377834,
  "f1_micro": 0.895,
  "precision_macro": 0.8999791144527988,
  "recall_macro": 0.8949999999999999,
  "per_class": {
    "airplane": {
      "precision": 0.8,
      "recall": 1.0,
      "f1-score": 0.8889
    },
    "automobile": {
      "precision": 0.95,
      "recall": 0.95,
      "f1-score": 0.95
    },
    "bird": {
      "precision": 1.0,
      "recall": 0.85,
      "f1-score": 0.9189
    },
    "cat": {
      "precision": 0.7143,
      "recall": 0.75,
      "f1-score": 0.7317
    },
    "deer": {
      "precision": 0.9524,
      "recall": 1.0,
      "f1-score": 0.9756
    },
    "dog": {
      "precision": 0.7895,
      "recall": 0.75,
      "f1-score": 0.7692
    },
    "frog": {
      "precision": 1.0,
      "recall": 0.95,
      "f1-score": 0.9744
    },
    "horse": {
      "precision": 1.0,
      "recall": 0.95,
      "f1-score": 0.9744
    },
    "ship": {
      "precision": 0.8889,
      "recall": 0.8,
      "f1-score": 0.8421
    },
    "truck": {
      "precision": 0.9048,
      "recall": 0.95,
      "f1-score": 0.9268
    }
  }
}